service,date,title,media,tmdb_id
disneyplus,2026-09-02,9/11: United We Stand,movie,1752154
disneyplus,2026-09-02,LEGO Star Wars: The Mandalorian,movie,1731694
disneyplus,2026-09-02,Star Wars: The Mandalorian and Grogu (2026),movie,1228710
disneyplus,2026-09-03,Homicide Squad New Orleans,series,279937
disneyplus,2026-09-03,Paranormal State,series,14124
disneyplus,2026-09-09,Made in Korea,series,246473
disneyplus,2026-09-10,Crime in Progress,series,308762
disneyplus,2026-09-10,MonsterQuest,series,15427
disneyplus,2026-09-13,Kraven the Hunter (2024),movie,539972
disneyplus,2026-09-16,City of Blood,series,332401
disneyplus,2026-09-16,Minimum Security,series,299255
disneyplus,2026-09-16,PLAVE Asia Tour [DASH: Quantum Leap],movie,1692272
disneyplus,2026-09-16,Unexpected Loves,series,316488
disneyplus,2026-09-17,Booked: First Day In,series,228622
disneyplus,2026-09-18,Magicampers: Shorts,series,336245
disneyplus,2026-09-21,CoComelon: The Melon Patch,series,330350
disneyplus,2026-09-24,Paranormal State,series,14124
disneyplus,2026-09-24,Pawn Stars,series,21755
disneyplus,2026-09-26,Chilean Mine Rescue: Race Against Time,series,334569
disneyplus,2026-09-27,The Simpsons,series,456
hulu,2026-09-01,Abel (2010),movie,54144
hulu,2026-09-01,Alguien Mas,series,105904
hulu,2026-09-01,Amalgam (2021),movie,755977
hulu,2026-09-01,Amsterdam (2022),movie,664469
hulu,2026-09-01,Beauties of the Night (2016),movie,385114
hulu,2026-09-01,Burlesque (2010),movie,42297
hulu,2026-09-01,Come Into My Life (2024),movie,1294931
hulu,2026-09-01,Coraline (2009),movie,14836
hulu,2026-09-01,Cosmic Worlds (2023),movie,1193933
hulu,2026-09-01,Gentleman Thief (2026),movie,1458215
hulu,2026-09-01,Getting My Ex Back (2018),movie,548176
hulu,2026-09-01,"Guten Tag, Ramón (2014)",movie,242575
hulu,2026-09-01,Holy Week (2015),movie,173510
hulu,2026-09-01,Ice Age: Dawn of the Dinosaurs (2009),movie,8355
hulu,2026-09-01,Ice Age: The Meltdown (2006),movie,950
hulu,2026-09-01,Inglourious Basterds (2009),movie,16869
hulu,2026-09-01,J.C. Chávez (2007),movie,206577
hulu,2026-09-01,Jennifer's Body (2009),movie,19994
hulu,2026-09-01,Jerry Maguire (1996),movie,9390
hulu,2026-09-01,Lakeview Terrace (2008),movie,13279
hulu,2026-09-01,Ma (2019),movie,502416
hulu,2026-09-01,Moneyball (2011),movie,60308
hulu,2026-09-01,Niño Santo,series,68977
hulu,2026-09-01,Obsessed (2009),movie,17335
hulu,2026-09-01,ParaNorman (2012),movie,77174
hulu,2026-09-01,Pineapple Express (2008),movie,10189
hulu,2026-09-01,Promesas de Campana,series,239003
hulu,2026-09-01,See How They Run (2022),movie,766475
hulu,2026-09-01,Sinister (2011),movie,82507
hulu,2026-09-01,Soul (2020),movie,508442
hulu,2026-09-01,Starman (1984),movie,9663
hulu,2026-09-01,Starship Troopers 3: Marauder (2008),movie,11127
hulu,2026-09-01,Starship Troopers: Invasion (2012),movie,114478
hulu,2026-09-01,Starship Troopers: Traitor of Mars (2017),movie,460790
hulu,2026-09-01,Sunset Park (1996),movie,29649
hulu,2026-09-01,The Bob's Burgers Movie (2022),movie,504827
hulu,2026-09-01,The Great Leap (2021),movie,812702
hulu,2026-09-01,The King of the Party (2022),movie,574249
hulu,2026-09-01,The School Of Rock (2003),movie,1584
hulu,2026-09-01,The Ship (2022),movie,227919
hulu,2026-09-01,"Tlatelolco, Summer of 68 (2013)",movie,192128
hulu,2026-09-01,Wedding Registry (2025),movie,1302151
hulu,2026-09-01,You Got Served (2004),movie,14114
hulu,2026-09-02,9/11: United We Stand — 25 Years Later,movie,1752154
hulu,2026-09-02,Queen of the South,series,66676
hulu,2026-09-03,Chad Powers,series,247168
hulu,2026-09-03,Paranormal State,series,14124
hulu,2026-09-04,Signal One (2026),movie,1083884
hulu,2026-09-04,Tracker,series,211288
hulu,2026-09-05,My 600-lb Life,series,66014
hulu,2026-09-05,Naked and Afraid of Love,series,130385
hulu,2026-09-05,Tournament of Champions,series,100095
hulu,2026-09-06,Superbeast,movie,150014
hulu,2026-09-07,Poor Things (2023),movie,792307
hulu,2026-09-08,Babylon (2022),movie,615777
hulu,2026-09-08,Heretic (2024),movie,1138194
hulu,2026-09-08,Law & Order: Special Victims Unit,series,2734
hulu,2026-09-08,The Drop: A Snowfall Saga,series,304842
hulu,2026-09-08,The Green Knight (2021),movie,559907
hulu,2026-09-09,Together Together (2021),movie,1440098
hulu,2026-09-10,Ancient Aliens,series,32608
hulu,2026-09-10,Crime in Progress,series,308762
hulu,2026-09-10,MonsterQuest,series,15427
hulu,2026-09-11,Rich Flu (2024),movie,934584
hulu,2026-09-12,120 Hours Behind Bars,series,311938
hulu,2026-09-12,A Sign of Affection,series,230059
hulu,2026-09-12,America's Backyard Gold,series,247950
hulu,2026-09-12,American Monster,series,73320
hulu,2026-09-12,Casey Anthony: An American Murder Mystery,series,71200
hulu,2026-09-12,Honey Lemon Soda,series,247859
hulu,2026-09-12,Secret Princes,series,59681
hulu,2026-09-12,Sister Wives,series,34045
hulu,2026-09-12,Susan Powell: An ID Murder Mystery,movie,568154
hulu,2026-09-12,Suzume,movie,916224
hulu,2026-09-14,Beyblade X,series,226688
hulu,2026-09-14,Fast & Furious Presents: Hobbs & Shaw (2019),movie,384018
hulu,2026-09-17,Alaska State Troopers,series,35086
hulu,2026-09-17,Booked: First Day In,series,228622
hulu,2026-09-17,Court Cam,series,96152
hulu,2026-09-18,100 Nights of Hero (2025),movie,1354518
hulu,2026-09-19,Home Town: Inn This Together,series,322230
hulu,2026-09-19,Jodi Arias: An American Murder Mystery,series,76402
hulu,2026-09-19,Moonshiners,series,46268
hulu,2026-09-19,My 600-lb Life: Where Are They Now?,series,103742
hulu,2026-09-19,Neighborhood Watch,series,310464
hulu,2026-09-19,The Murder Tapes,series,93005
hulu,2026-09-21,Wicked (2024),movie,402431
hulu,2026-09-24,American Horror Story,series,1413
hulu,2026-09-24,Paranormal State,series,14124
hulu,2026-09-24,Pawn Stars,series,21755
hulu,2026-09-24,The Last Whale Singer (2026),movie,677558
hulu,2026-09-25,The Plague (2025),movie,1370814
hulu,2026-09-26,Expedition X,series,99363
hulu,2026-09-26,Naked And Afraid,series,58832
hulu,2026-09-26,Tournament of Champions,series,100095
hulu,2026-09-26,Tropic Like It's Hot,series,318917
hulu,2026-09-27,A Complete Unknown (2024),movie,661539
netflix,2026-09-01,17 Again,movie,16996
netflix,2026-09-01,About Time,movie,122906
netflix,2026-09-01,Alien,movie,348
netflix,2026-09-01,Aliens,movie,679
netflix,2026-09-01,Antz,movie,8916
netflix,2026-09-01,Battleship,movie,44833
netflix,2026-09-01,Big Daddy,movie,9032
netflix,2026-09-01,Conan the Barbarian,movie,9387
netflix,2026-09-01,Cruel Intentions,movie,796
netflix,2026-09-01,Dragnet,movie,10023
netflix,2026-09-01,Gothika,movie,4970
netflix,2026-09-01,Greta,movie,471506
netflix,2026-09-01,Heartland,series,14929
netflix,2026-09-01,Jared Freid: The Family Plan,movie,1749166
netflix,2026-09-01,Jarhead,movie,25
netflix,2026-09-01,Jaws,movie,578
netflix,2026-09-01,Jaws 2,movie,579
netflix,2026-09-01,Jaws 3,movie,17692
netflix,2026-09-01,Jaws: The Revenge,movie,580
netflix,2026-09-01,Kick-Ass 2,movie,59859
netflix,2026-09-01,Knocked Up,movie,4964
netflix,2026-09-01,Liar Liar,movie,1624
netflix,2026-09-01,Neighbors,movie,195589
netflix,2026-09-01,Phantom Thread,movie,400617
netflix,2026-09-01,Ready or Not,movie,567609
netflix,2026-09-01,Resident Evil: Afterlife,movie,35791
netflix,2026-09-01,Resident Evil: Extinction,movie,7737
netflix,2026-09-01,Resident Evil: Retribution,movie,71679
netflix,2026-09-01,Scarface,movie,111
netflix,2026-09-01,Shark Tale,movie,10555
netflix,2026-09-01,Sleepless in Seattle,movie,858
netflix,2026-09-01,Straight Outta Compton,movie,277216
netflix,2026-09-01,T2 Trainspotting,movie,180863
netflix,2026-09-01,The Blues Brothers,movie,525
netflix,2026-09-01,The Boy Next Door,movie,241251
netflix,2026-09-01,The Flintstones,movie,888
netflix,2026-09-01,The Rite,movie,48171
netflix,2026-09-01,The Texas Chainsaw Massacre,movie,9373
netflix,2026-09-01,Uncle Buck,movie,2616
netflix,2026-09-01,Unfriended,movie,277685
netflix,2026-09-01,Untold Raygun: Breaking Badly,movie,1739202
netflix,2026-09-02,Driven,series,81154
netflix,2026-09-02,Lovesick,series,290234
netflix,2026-09-02,Resident Evil: Damnation,movie,133121
netflix,2026-09-02,Resident Evil: Death Island,movie,1083862
netflix,2026-09-02,Resident Evil: Vendetta,movie,400136
netflix,2026-09-02,Turning Point: Generation 9/11,movie,1752159
netflix,2026-09-03,Fito Páez: The World Within a Song,movie,1744876
netflix,2026-09-03,Major Crimes,series,39483
netflix,2026-09-03,Smile 2,movie,1100782
netflix,2026-09-03,The Gentlemen,movie,522627
netflix,2026-09-04,Earle Meets World,series,330371
netflix,2026-09-04,Folktales,movie,1400776
netflix,2026-09-04,Teenage Wasteland,movie,1400383
netflix,2026-09-05,Emeril Tailgates,series,229081
netflix,2026-09-08,DANG!,series,314478
netflix,2026-09-08,Fauda,series,69557
netflix,2026-09-08,Stavros Halkias: Uncle Stav,movie,1664003
netflix,2026-09-08,Untold Mr. T: I Pity The Fool,movie,1739206
netflix,2026-09-09,Prom Night,movie,8617
netflix,2026-09-09,Why Did I Get Married Again?,movie,1522689
netflix,2026-09-10,Call My Agent! The Movie,movie,1365884
netflix,2026-09-10,Crew Girl,series,300507
netflix,2026-09-10,The Perfect Lie,series,325755
netflix,2026-09-10,We Don't Live Here Anymore,movie,23601
netflix,2026-09-11,Go Team!,movie,1558568
netflix,2026-09-11,Physical 100: Italy,series,324111
netflix,2026-09-11,Stolen Heartbeats,series,332863
netflix,2026-09-11,Tribeca 25,movie,1753614
netflix,2026-09-14,Gabby's Dollhouse,series,111474
netflix,2026-09-14,When Hope Calls,series,85007
netflix,2026-09-15,I Survived a Serial Killer,series,131458
netflix,2026-09-15,Jo Koy: Blue in the Face,movie,1770859
netflix,2026-09-15,The AI Doc: Or How I Became an Apocaloptimist,movie,1596335
netflix,2026-09-16,The Doll,series,295089
netflix,2026-09-17,Monster: The Lizzie Borden Story,series,299939
netflix,2026-09-17,Not a Stranger,series,320760
netflix,2026-09-17,Plastic Beauty,series,298008
netflix,2026-09-17,Stranger Things: Tales From '85,series,224263
netflix,2026-09-17,The Fixers,series,312663
netflix,2026-09-18,Best of the Best,movie,1514863
netflix,2026-09-18,Pokémon Horizons: Season 3: Rising Hope,series,220150
netflix,2026-09-20,Stop! That! Train!,movie,1541560
netflix,2026-09-22,Doc,series,255055
netflix,2026-09-22,Minerva Academy,series,312557
netflix,2026-09-22,Party Down,series,17287
netflix,2026-09-23,Habeas Corpus,series,308963
netflix,2026-09-23,Lifehack,movie,1285669
netflix,2026-09-23,Wonka's The Golden Ticket,series,286940
netflix,2026-09-24,A Different World,series,115
netflix,2026-09-24,House at the End of the Street,movie,82505
netflix,2026-09-24,My Sad Dead,series,310290
netflix,2026-09-24,Oculus,movie,157547
netflix,2026-09-25,The Final Problem,series,290720
netflix,2026-09-25,UNABOMBER,movie,1492640
prime-video,2026-09-01,A Serious Man (2009),movie,12573
prime-video,2026-09-01,Ali G Indahouse: The Movie (2003),movie,9298
prime-video,2026-09-01,American Classic (2026),series,283228
prime-video,2026-09-01,Army Of Darkness (1993),movie,766
prime-video,2026-09-01,Atomic Blonde (2017),movie,341013
prime-video,2026-09-01,Bird On A Wire (1990),movie,1727
prime-video,2026-09-01,Blow Out (1981),movie,11644
prime-video,2026-09-01,Blue Crush (2002),movie,9266
prime-video,2026-09-01,Blue Crush 2 (2011),movie,58443
prime-video,2026-09-01,Borat: Cultural Learnings of America For Make Benefit Glorious Nation of Kazakhstan (2006),movie,496
prime-video,2026-09-01,Breaking News In Yuba County (2021),movie,556867
prime-video,2026-09-01,Breezy (1973),movie,40374
prime-video,2026-09-01,Bruno (2009),movie,18480
prime-video,2026-09-01,Cape Fear (1962),movie,11349
prime-video,2026-09-01,Cape Fear (1991),movie,1598
prime-video,2026-09-01,Carlito's Way (1993),movie,6075
prime-video,2026-09-01,Carlito's Way: Rise To Power (2005),movie,12261
prime-video,2026-09-01,Carrie (1976),movie,7340
prime-video,2026-09-01,Carrie (2013),movie,133805
prime-video,2026-09-01,Cat People (1982),movie,6217
prime-video,2026-09-01,Chef (2014),movie,212778
prime-video,2026-09-01,Collateral (2004),movie,1538
prime-video,2026-09-01,Conor Mcgregor: Notorious (2017),movie,466485
prime-video,2026-09-01,Coogan's Bluff (1968),movie,26170
prime-video,2026-09-01,Death Becomes Her (1992),movie,9374
prime-video,2026-09-01,Desperate Housewives (2004)Season 1-8,series,693
prime-video,2026-09-01,Devil (2010),movie,44040
prime-video,2026-09-01,Dirty Rotten Scoundrels (1988),movie,10141
prime-video,2026-09-01,Don't Breathe (2016),movie,300669
prime-video,2026-09-01,Dracula Untold (2014),movie,49017
prime-video,2026-09-01,Dressed to Kill (1980),movie,11033
prime-video,2026-09-01,Duck You Sucker – A Fistful Of Dynamite (1972),movie,336
prime-video,2026-09-01,Eagle Eye (2008),movie,13027
prime-video,2026-09-01,Eastern Promises (2007),movie,2252
prime-video,2026-09-01,Everybody Loves Raymond (1996)Season 1-9,series,2140
prime-video,2026-09-01,Fear (1996),movie,10543
prime-video,2026-09-01,For Love Of The Game (1999),movie,10390
prime-video,2026-09-01,Frost/Nixon (2009),movie,11499
prime-video,2026-09-01,Halloween II (1981),movie,11281
prime-video,2026-09-01,Hannibal (2001),movie,9740
prime-video,2026-09-01,Hart's War (2002),movie,10592
prime-video,2026-09-01,Hour Of The Gun (1967),movie,31658
prime-video,2026-09-01,Ice Age (2002),movie,425
prime-video,2026-09-01,Ice Age: Dawn of the Dinosaurs (2009),movie,8355
prime-video,2026-09-01,It Came From Outer Space (1953),movie,19483
prime-video,2026-09-01,Jack Reacher (2012),movie,75780
prime-video,2026-09-01,Jack Reacher: Never Go Back (2016),movie,343611
prime-video,2026-09-01,Leatherheads (2008),movie,4942
prime-video,2026-09-01,Matinee (1993),movie,25389
prime-video,2026-09-01,Max (2015),movie,13560
prime-video,2026-09-01,Meet Joe Black (1998),movie,297
prime-video,2026-09-01,Morbius (2022),movie,526896
prime-video,2026-09-01,Mr. Baseball (1992),movie,18722
prime-video,2026-09-01,Munich (2006),movie,612
prime-video,2026-09-01,Now You See Me (2013),movie,75656
prime-video,2026-09-01,Now You See Me 2 (2016),movie,291805
prime-video,2026-09-01,Over the Garden Wall (2014),series,61617
prime-video,2026-09-01,Overboard (1987),movie,10780
prime-video,2026-09-01,Prince of Darkness (1987),movie,8852
prime-video,2026-09-01,Raging Bull (1980),movie,1578
prime-video,2026-09-01,Rain Man (1988),movie,380
prime-video,2026-09-01,Raising Cain (1992),movie,13937
prime-video,2026-09-01,Reality Bites (1994),movie,2788
prime-video,2026-09-01,Slaughterhouse-Five (1972),movie,24559
prime-video,2026-09-01,Teen Wolf (1985),movie,11824
prime-video,2026-09-01,Teen Wolf: The Movie (2023),movie,877703
prime-video,2026-09-01,The Alamo (1960),movie,11209
prime-video,2026-09-01,The Bone Collector (1999),movie,9481
prime-video,2026-09-01,The Brink's Job (1978),movie,24429
prime-video,2026-09-01,The Edge Of Seventeen (2017),movie,376660
prime-video,2026-09-01,The First Omen (2024),movie,437342
prime-video,2026-09-01,The Great Escape (1963),movie,5925
prime-video,2026-09-01,The Greatest Story Ever Told (1965),movie,2428
prime-video,2026-09-01,The Horse Soldiers (1959),movie,17664
prime-video,2026-09-01,The Longest Yard (2005),movie,9291
prime-video,2026-09-01,The Motorcycle Diaries (2004),movie,1653
prime-video,2026-09-01,The Mummy (2017),movie,282035
prime-video,2026-09-01,The Muse (1999),movie,37718
prime-video,2026-09-01,The Purge (2013),movie,158015
prime-video,2026-09-01,The Purge: Anarchy (2014),movie,238636
prime-video,2026-09-01,The Purge: Election Year (2016),movie,316727
prime-video,2026-09-01,The River Wild (1994),movie,8987
prime-video,2026-09-01,The Shepherd of the Hills (1941),movie,43308
prime-video,2026-09-01,The Silence of the Lambs (1991),movie,274
prime-video,2026-09-01,The Skeleton Key (2005),movie,9913
prime-video,2026-09-01,The SpongeBob SquarePants Movie (2004),movie,11836
prime-video,2026-09-01,The Thing (1982),movie,1091
prime-video,2026-09-01,The Visit (2013),movie,298312
prime-video,2026-09-01,The War Wagon (1967),movie,27277
prime-video,2026-09-01,They Live (1988),movie,8337
prime-video,2026-09-01,Trap (2024),movie,1032823
prime-video,2026-09-01,Uptown Girls (2003),movie,14926
prime-video,2026-09-01,Valkyrie (2008),movie,2253
prime-video,2026-09-01,Valley Girl (1983),movie,19053
prime-video,2026-09-01,Van Helsing (2004),movie,7131
prime-video,2026-09-01,Videodrome (1983),movie,837
prime-video,2026-09-01,Wild at Heart (1990),movie,483
prime-video,2026-09-01,Winchester '73 (1950),movie,14551
prime-video,2026-09-01,Windtalkers (2002),movie,12100
prime-video,2026-09-01,Witness For The Prosecution (1957),movie,37257
prime-video,2026-09-10,Bombshell (2019),movie,525661
prime-video,2026-09-15,Demon Slayer – Kimetsu no Yaiba – The Movie: Mugen Train (2021),movie,635302
prime-video,2026-09-16,Neagley (2026),series,273207
prime-video,2026-09-23,The Love Hypothesis (2026),movie,1032863
prime-video,2026-09-24,Go Deep: The DeSean Jackson Story (2026),movie,1766609
prime-video,2026-09-24,The Fire Inside (2024),movie,610219
prime-video,2026-09-25,Once Upon a Time… In Hollywood (2019),movie,466272
